id,url,elt,attr,option
MC0wLTAtMHwwLTAtMC0wLTAtMHwwLTF8MC0wLTAtMHwwLTAtMC0wfDAtMC0wLTB8MC0wLTAtMHwwLTAtMC0wfDAtMA==,https://github.com/yasyf/cslo-img/raw/master/MC0wLTAtMHwwLTAtMC0wLTAtMHwwLTF8MC0wLTAtMHwwLTAtMC0wfDAtMC0wLTB8MC0wLTAtMHwwLTAtMC0wfDAtMA==.png,img,border-radius,10px
MC0wLTAtMHwwLTAtMC0wLTAtMHwwLTJ8MC0wLTAtMHwwLTAtMC0wfDAtMC0wLTB8MC0wLTAtMHwwLTAtMC0wfDAtMA==,https://github.com/yasyf/cslo-img/raw/master/MC0wLTAtMHwwLTAtMC0wLTAtMHwwLTJ8MC0wLTAtMHwwLTAtMC0wfDAtMC0wLTB8MC0wLTAtMHwwLTAtMC0wfDAtMA==.png,img,border-radius,50%
MC0wLTEtMHwwLTAtMC0wLTAtMHwwLTB8MC0wLTAtMHwwLTAtMC0wfDAtMC0wLTB8MC0wLTAtMHwwLTAtMC0wfDAtMA==,https://github.com/yasyf/cslo-img/raw/master/MC0wLTEtMHwwLTAtMC0wLTAtMHwwLTB8MC0wLTAtMHwwLTAtMC0wfDAtMC0wLTB8MC0wLTAtMHwwLTAtMC0wfDAtMA==.png,a,font-size,.5em
MC0wLTAtMHwwLTAtMS0wLTAtMHwwLTB8MC0wLTAtMHwwLTAtMC0wfDAtMC0wLTB8MC0wLTAtMHwwLTAtMC0wfDAtMA==,https://github.com/yasyf/cslo-img/raw/master/MC0wLTAtMHwwLTAtMS0wLTAtMHwwLTB8MC0wLTAtMHwwLTAtMC0wfDAtMC0wLTB8MC0wLTAtMHwwLTAtMC0wfDAtMA==.png,p,font-size,.5em
MC0wLTAtMHwwLTAtMC0wLTAtMHwwLTB8MC0wLTEtMHwwLTAtMC0wfDAtMC0wLTB8MC0wLTAtMHwwLTAtMC0wfDAtMA==,https://github.com/yasyf/cslo-img/raw/master/MC0wLTAtMHwwLTAtMC0wLTAtMHwwLTB8MC0wLTEtMHwwLTAtMC0wfDAtMC0wLTB8MC0wLTAtMHwwLTAtMC0wfDAtMA==.png,li,font-size,.5em
MC0wLTAtMHwwLTAtMC0wLTAtMHwwLTB8MC0wLTAtMHwwLTAtMS0wfDAtMC0wLTB8MC0wLTAtMHwwLTAtMC0wfDAtMA==,https://github.com/yasyf/cslo-img/raw/master/MC0wLTAtMHwwLTAtMC0wLTAtMHwwLTB8MC0wLTAtMHwwLTAtMS0wfDAtMC0wLTB8MC0wLTAtMHwwLTAtMC0wfDAtMA==.png,h1,font-size,.5em
MC0wLTAtMHwwLTAtMC0wLTAtMHwwLTB8MC0wLTAtMHwwLTAtMC0wfDAtMC0xLTB8MC0wLTAtMHwwLTAtMC0wfDAtMA==,https://github.com/yasyf/cslo-img/raw/master/MC0wLTAtMHwwLTAtMC0wLTAtMHwwLTB8MC0wLTAtMHwwLTAtMC0wfDAtMC0xLTB8MC0wLTAtMHwwLTAtMC0wfDAtMA==.png,h2,font-size,.5em
MC0wLTAtMHwwLTAtMC0wLTAtMHwwLTB8MC0wLTAtMHwwLTAtMC0wfDAtMC0wLTB8MC0wLTEtMHwwLTAtMC0wfDAtMA==,https://github.com/yasyf/cslo-img/raw/master/MC0wLTAtMHwwLTAtMC0wLTAtMHwwLTB8MC0wLTAtMHwwLTAtMC0wfDAtMC0wLTB8MC0wLTEtMHwwLTAtMC0wfDAtMA==.png,h3,font-size,.5em
MC0wLTAtMHwwLTAtMC0wLTAtMHwwLTB8MC0wLTAtMHwwLTAtMC0wfDAtMC0wLTB8MC0wLTAtMHwwLTAtMS0wfDAtMA==,https://github.com/yasyf/cslo-img/raw/master/MC0wLTAtMHwwLTAtMC0wLTAtMHwwLTB8MC0wLTAtMHwwLTAtMC0wfDAtMC0wLTB8MC0wLTAtMHwwLTAtMS0wfDAtMA==.png,tr,font-size,.5em
MC0wLTItMHwwLTAtMC0wLTAtMHwwLTB8MC0wLTAtMHwwLTAtMC0wfDAtMC0wLTB8MC0wLTAtMHwwLTAtMC0wfDAtMA==,https://github.com/yasyf/cslo-img/raw/master/MC0wLTItMHwwLTAtMC0wLTAtMHwwLTB8MC0wLTAtMHwwLTAtMC0wfDAtMC0wLTB8MC0wLTAtMHwwLTAtMC0wfDAtMA==.png,a,font-size,.8em
MC0wLTAtMHwwLTAtMi0wLTAtMHwwLTB8MC0wLTAtMHwwLTAtMC0wfDAtMC0wLTB8MC0wLTAtMHwwLTAtMC0wfDAtMA==,https://github.com/yasyf/cslo-img/raw/master/MC0wLTAtMHwwLTAtMi0wLTAtMHwwLTB8MC0wLTAtMHwwLTAtMC0wfDAtMC0wLTB8MC0wLTAtMHwwLTAtMC0wfDAtMA==.png,p,font-size,.8em
MC0wLTAtMHwwLTAtMC0wLTAtMHwwLTB8MC0wLTItMHwwLTAtMC0wfDAtMC0wLTB8MC0wLTAtMHwwLTAtMC0wfDAtMA==,https://github.com/yasyf/cslo-img/raw/master/MC0wLTAtMHwwLTAtMC0wLTAtMHwwLTB8MC0wLTItMHwwLTAtMC0wfDAtMC0wLTB8MC0wLTAtMHwwLTAtMC0wfDAtMA==.png,li,font-size,.8em
MC0wLTAtMHwwLTAtMC0wLTAtMHwwLTB8MC0wLTAtMHwwLTAtMi0wfDAtMC0wLTB8MC0wLTAtMHwwLTAtMC0wfDAtMA==,https://github.com/yasyf/cslo-img/raw/master/MC0wLTAtMHwwLTAtMC0wLTAtMHwwLTB8MC0wLTAtMHwwLTAtMi0wfDAtMC0wLTB8MC0wLTAtMHwwLTAtMC0wfDAtMA==.png,h1,font-size,.8em
MC0wLTAtMHwwLTAtMC0wLTAtMHwwLTB8MC0wLTAtMHwwLTAtMC0wfDAtMC0yLTB8MC0wLTAtMHwwLTAtMC0wfDAtMA==,https://github.com/yasyf/cslo-img/raw/master/MC0wLTAtMHwwLTAtMC0wLTAtMHwwLTB8MC0wLTAtMHwwLTAtMC0wfDAtMC0yLTB8MC0wLTAtMHwwLTAtMC0wfDAtMA==.png,h2,font-size,.8em
MC0wLTAtMHwwLTAtMC0wLTAtMHwwLTB8MC0wLTAtMHwwLTAtMC0wfDAtMC0wLTB8MC0wLTItMHwwLTAtMC0wfDAtMA==,https://github.com/yasyf/cslo-img/raw/master/MC0wLTAtMHwwLTAtMC0wLTAtMHwwLTB8MC0wLTAtMHwwLTAtMC0wfDAtMC0wLTB8MC0wLTItMHwwLTAtMC0wfDAtMA==.png,h3,font-size,.8em
MC0wLTAtMHwwLTAtMC0wLTAtMHwwLTB8MC0wLTAtMHwwLTAtMC0wfDAtMC0wLTB8MC0wLTAtMHwwLTAtMi0wfDAtMA==,https://github.com/yasyf/cslo-img/raw/master/MC0wLTAtMHwwLTAtMC0wLTAtMHwwLTB8MC0wLTAtMHwwLTAtMC0wfDAtMC0wLTB8MC0wLTAtMHwwLTAtMi0wfDAtMA==.png,tr,font-size,.8em
MS0wLTAtMHwwLTAtMC0wLTAtMHwwLTB8MC0wLTAtMHwwLTAtMC0wfDAtMC0wLTB8MC0wLTAtMHwwLTAtMC0wfDAtMA==,https://github.com/yasyf/cslo-img/raw/master/MS0wLTAtMHwwLTAtMC0wLTAtMHwwLTB8MC0wLTAtMHwwLTAtMC0wfDAtMC0wLTB8MC0wLTAtMHwwLTAtMC0wfDAtMA==.png,a,color,red
MC0wLTAtMHwxLTAtMC0wLTAtMHwwLTB8MC0wLTAtMHwwLTAtMC0wfDAtMC0wLTB8MC0wLTAtMHwwLTAtMC0wfDAtMA==,https://github.com/yasyf/cslo-img/raw/master/MC0wLTAtMHwxLTAtMC0wLTAtMHwwLTB8MC0wLTAtMHwwLTAtMC0wfDAtMC0wLTB8MC0wLTAtMHwwLTAtMC0wfDAtMA==.png,p,color,red
MC0wLTAtMHwwLTAtMC0wLTAtMHwwLTB8MS0wLTAtMHwwLTAtMC0wfDAtMC0wLTB8MC0wLTAtMHwwLTAtMC0wfDAtMA==,https://github.com/yasyf/cslo-img/raw/master/MC0wLTAtMHwwLTAtMC0wLTAtMHwwLTB8MS0wLTAtMHwwLTAtMC0wfDAtMC0wLTB8MC0wLTAtMHwwLTAtMC0wfDAtMA==.png,li,color,red
MC0wLTAtMHwwLTAtMC0wLTAtMHwwLTB8MC0wLTAtMHwxLTAtMC0wfDAtMC0wLTB8MC0wLTAtMHwwLTAtMC0wfDAtMA==,https://github.com/yasyf/cslo-img/raw/master/MC0wLTAtMHwwLTAtMC0wLTAtMHwwLTB8MC0wLTAtMHwxLTAtMC0wfDAtMC0wLTB8MC0wLTAtMHwwLTAtMC0wfDAtMA==.png,h1,color,red
MC0wLTAtMHwwLTAtMC0wLTAtMHwwLTB8MC0wLTAtMHwwLTAtMC0wfDEtMC0wLTB8MC0wLTAtMHwwLTAtMC0wfDAtMA==,https://github.com/yasyf/cslo-img/raw/master/MC0wLTAtMHwwLTAtMC0wLTAtMHwwLTB8MC0wLTAtMHwwLTAtMC0wfDEtMC0wLTB8MC0wLTAtMHwwLTAtMC0wfDAtMA==.png,h2,color,red
MC0wLTAtMHwwLTAtMC0wLTAtMHwwLTB8MC0wLTAtMHwwLTAtMC0wfDAtMC0wLTB8MS0wLTAtMHwwLTAtMC0wfDAtMA==,https://github.com/yasyf/cslo-img/raw/master/MC0wLTAtMHwwLTAtMC0wLTAtMHwwLTB8MC0wLTAtMHwwLTAtMC0wfDAtMC0wLTB8MS0wLTAtMHwwLTAtMC0wfDAtMA==.png,h3,color,red
MC0wLTAtMHwwLTAtMC0wLTAtMHwwLTB8MC0wLTAtMHwwLTAtMC0wfDAtMC0wLTB8MC0wLTAtMHwxLTAtMC0wfDAtMA==,https://github.com/yasyf/cslo-img/raw/master/MC0wLTAtMHwwLTAtMC0wLTAtMHwwLTB8MC0wLTAtMHwwLTAtMC0wfDAtMC0wLTB8MC0wLTAtMHwxLTAtMC0wfDAtMA==.png,tr,color,red
MC0wLTAtMHwwLTAtMC0wLTAtMHwwLTB8MC0wLTAtMHwwLTAtMC0wfDAtMC0wLTB8MC0wLTAtMHwwLTAtMC0wfDEtMA==,https://github.com/yasyf/cslo-img/raw/master/MC0wLTAtMHwwLTAtMC0wLTAtMHwwLTB8MC0wLTAtMHwwLTAtMC0wfDAtMC0wLTB8MC0wLTAtMHwwLTAtMC0wfDEtMA==.png,button,color,red
Mi0wLTAtMHwwLTAtMC0wLTAtMHwwLTB8MC0wLTAtMHwwLTAtMC0wfDAtMC0wLTB8MC0wLTAtMHwwLTAtMC0wfDAtMA==,https://github.com/yasyf/cslo-img/raw/master/Mi0wLTAtMHwwLTAtMC0wLTAtMHwwLTB8MC0wLTAtMHwwLTAtMC0wfDAtMC0wLTB8MC0wLTAtMHwwLTAtMC0wfDAtMA==.png,a,color,green
MC0wLTAtMHwyLTAtMC0wLTAtMHwwLTB8MC0wLTAtMHwwLTAtMC0wfDAtMC0wLTB8MC0wLTAtMHwwLTAtMC0wfDAtMA==,https://github.com/yasyf/cslo-img/raw/master/MC0wLTAtMHwyLTAtMC0wLTAtMHwwLTB8MC0wLTAtMHwwLTAtMC0wfDAtMC0wLTB8MC0wLTAtMHwwLTAtMC0wfDAtMA==.png,p,color,green
MC0wLTAtMHwwLTAtMC0wLTAtMHwwLTB8Mi0wLTAtMHwwLTAtMC0wfDAtMC0wLTB8MC0wLTAtMHwwLTAtMC0wfDAtMA==,https://github.com/yasyf/cslo-img/raw/master/MC0wLTAtMHwwLTAtMC0wLTAtMHwwLTB8Mi0wLTAtMHwwLTAtMC0wfDAtMC0wLTB8MC0wLTAtMHwwLTAtMC0wfDAtMA==.png,li,color,green
MC0wLTAtMHwwLTAtMC0wLTAtMHwwLTB8MC0wLTAtMHwyLTAtMC0wfDAtMC0wLTB8MC0wLTAtMHwwLTAtMC0wfDAtMA==,https://github.com/yasyf/cslo-img/raw/master/MC0wLTAtMHwwLTAtMC0wLTAtMHwwLTB8MC0wLTAtMHwyLTAtMC0wfDAtMC0wLTB8MC0wLTAtMHwwLTAtMC0wfDAtMA==.png,h1,color,green
MC0wLTAtMHwwLTAtMC0wLTAtMHwwLTB8MC0wLTAtMHwwLTAtMC0wfDItMC0wLTB8MC0wLTAtMHwwLTAtMC0wfDAtMA==,https://github.com/yasyf/cslo-img/raw/master/MC0wLTAtMHwwLTAtMC0wLTAtMHwwLTB8MC0wLTAtMHwwLTAtMC0wfDItMC0wLTB8MC0wLTAtMHwwLTAtMC0wfDAtMA==.png,h2,color,green
MC0wLTAtMHwwLTAtMC0wLTAtMHwwLTB8MC0wLTAtMHwwLTAtMC0wfDAtMC0wLTB8Mi0wLTAtMHwwLTAtMC0wfDAtMA==,https://github.com/yasyf/cslo-img/raw/master/MC0wLTAtMHwwLTAtMC0wLTAtMHwwLTB8MC0wLTAtMHwwLTAtMC0wfDAtMC0wLTB8Mi0wLTAtMHwwLTAtMC0wfDAtMA==.png,h3,color,green
MC0wLTAtMHwwLTAtMC0wLTAtMHwwLTB8MC0wLTAtMHwwLTAtMC0wfDAtMC0wLTB8MC0wLTAtMHwyLTAtMC0wfDAtMA==,https://github.com/yasyf/cslo-img/raw/master/MC0wLTAtMHwwLTAtMC0wLTAtMHwwLTB8MC0wLTAtMHwwLTAtMC0wfDAtMC0wLTB8MC0wLTAtMHwyLTAtMC0wfDAtMA==.png,tr,color,green
MC0wLTAtMHwwLTAtMC0wLTAtMHwwLTB8MC0wLTAtMHwwLTAtMC0wfDAtMC0wLTB8MC0wLTAtMHwwLTAtMC0wfDItMA==,https://github.com/yasyf/cslo-img/raw/master/MC0wLTAtMHwwLTAtMC0wLTAtMHwwLTB8MC0wLTAtMHwwLTAtMC0wfDAtMC0wLTB8MC0wLTAtMHwwLTAtMC0wfDItMA==.png,button,color,green
My0wLTAtMHwwLTAtMC0wLTAtMHwwLTB8MC0wLTAtMHwwLTAtMC0wfDAtMC0wLTB8MC0wLTAtMHwwLTAtMC0wfDAtMA==,https://github.com/yasyf/cslo-img/raw/master/My0wLTAtMHwwLTAtMC0wLTAtMHwwLTB8MC0wLTAtMHwwLTAtMC0wfDAtMC0wLTB8MC0wLTAtMHwwLTAtMC0wfDAtMA==.png,a,color,blue
MC0wLTAtMHwzLTAtMC0wLTAtMHwwLTB8MC0wLTAtMHwwLTAtMC0wfDAtMC0wLTB8MC0wLTAtMHwwLTAtMC0wfDAtMA==,https://github.com/yasyf/cslo-img/raw/master/MC0wLTAtMHwzLTAtMC0wLTAtMHwwLTB8MC0wLTAtMHwwLTAtMC0wfDAtMC0wLTB8MC0wLTAtMHwwLTAtMC0wfDAtMA==.png,p,color,blue
MC0wLTAtMHwwLTAtMC0wLTAtMHwwLTB8My0wLTAtMHwwLTAtMC0wfDAtMC0wLTB8MC0wLTAtMHwwLTAtMC0wfDAtMA==,https://github.com/yasyf/cslo-img/raw/master/MC0wLTAtMHwwLTAtMC0wLTAtMHwwLTB8My0wLTAtMHwwLTAtMC0wfDAtMC0wLTB8MC0wLTAtMHwwLTAtMC0wfDAtMA==.png,li,color,blue
MC0wLTAtMHwwLTAtMC0wLTAtMHwwLTB8MC0wLTAtMHwzLTAtMC0wfDAtMC0wLTB8MC0wLTAtMHwwLTAtMC0wfDAtMA==,https://github.com/yasyf/cslo-img/raw/master/MC0wLTAtMHwwLTAtMC0wLTAtMHwwLTB8MC0wLTAtMHwzLTAtMC0wfDAtMC0wLTB8MC0wLTAtMHwwLTAtMC0wfDAtMA==.png,h1,color,blue
MC0wLTAtMHwwLTAtMC0wLTAtMHwwLTB8MC0wLTAtMHwwLTAtMC0wfDMtMC0wLTB8MC0wLTAtMHwwLTAtMC0wfDAtMA==,https://github.com/yasyf/cslo-img/raw/master/MC0wLTAtMHwwLTAtMC0wLTAtMHwwLTB8MC0wLTAtMHwwLTAtMC0wfDMtMC0wLTB8MC0wLTAtMHwwLTAtMC0wfDAtMA==.png,h2,color,blue
MC0wLTAtMHwwLTAtMC0wLTAtMHwwLTB8MC0wLTAtMHwwLTAtMC0wfDAtMC0wLTB8My0wLTAtMHwwLTAtMC0wfDAtMA==,https://github.com/yasyf/cslo-img/raw/master/MC0wLTAtMHwwLTAtMC0wLTAtMHwwLTB8MC0wLTAtMHwwLTAtMC0wfDAtMC0wLTB8My0wLTAtMHwwLTAtMC0wfDAtMA==.png,h3,color,blue
MC0wLTAtMHwwLTAtMC0wLTAtMHwwLTB8MC0wLTAtMHwwLTAtMC0wfDAtMC0wLTB8MC0wLTAtMHwzLTAtMC0wfDAtMA==,https://github.com/yasyf/cslo-img/raw/master/MC0wLTAtMHwwLTAtMC0wLTAtMHwwLTB8MC0wLTAtMHwwLTAtMC0wfDAtMC0wLTB8MC0wLTAtMHwzLTAtMC0wfDAtMA==.png,tr,color,blue
MC0wLTAtMHwwLTAtMC0wLTAtMHwwLTB8MC0wLTAtMHwwLTAtMC0wfDAtMC0wLTB8MC0wLTAtMHwwLTAtMC0wfDMtMA==,https://github.com/yasyf/cslo-img/raw/master/MC0wLTAtMHwwLTAtMC0wLTAtMHwwLTB8MC0wLTAtMHwwLTAtMC0wfDAtMC0wLTB8MC0wLTAtMHwwLTAtMC0wfDMtMA==.png,button,color,blue
NC0wLTAtMHwwLTAtMC0wLTAtMHwwLTB8MC0wLTAtMHwwLTAtMC0wfDAtMC0wLTB8MC0wLTAtMHwwLTAtMC0wfDAtMA==,https://github.com/yasyf/cslo-img/raw/master/NC0wLTAtMHwwLTAtMC0wLTAtMHwwLTB8MC0wLTAtMHwwLTAtMC0wfDAtMC0wLTB8MC0wLTAtMHwwLTAtMC0wfDAtMA==.png,a,color,purple
MC0wLTAtMHw0LTAtMC0wLTAtMHwwLTB8MC0wLTAtMHwwLTAtMC0wfDAtMC0wLTB8MC0wLTAtMHwwLTAtMC0wfDAtMA==,https://github.com/yasyf/cslo-img/raw/master/MC0wLTAtMHw0LTAtMC0wLTAtMHwwLTB8MC0wLTAtMHwwLTAtMC0wfDAtMC0wLTB8MC0wLTAtMHwwLTAtMC0wfDAtMA==.png,p,color,purple
MC0wLTAtMHwwLTAtMC0wLTAtMHwwLTB8NC0wLTAtMHwwLTAtMC0wfDAtMC0wLTB8MC0wLTAtMHwwLTAtMC0wfDAtMA==,https://github.com/yasyf/cslo-img/raw/master/MC0wLTAtMHwwLTAtMC0wLTAtMHwwLTB8NC0wLTAtMHwwLTAtMC0wfDAtMC0wLTB8MC0wLTAtMHwwLTAtMC0wfDAtMA==.png,li,color,purple
MC0wLTAtMHwwLTAtMC0wLTAtMHwwLTB8MC0wLTAtMHw0LTAtMC0wfDAtMC0wLTB8MC0wLTAtMHwwLTAtMC0wfDAtMA==,https://github.com/yasyf/cslo-img/raw/master/MC0wLTAtMHwwLTAtMC0wLTAtMHwwLTB8MC0wLTAtMHw0LTAtMC0wfDAtMC0wLTB8MC0wLTAtMHwwLTAtMC0wfDAtMA==.png,h1,color,purple
MC0wLTAtMHwwLTAtMC0wLTAtMHwwLTB8MC0wLTAtMHwwLTAtMC0wfDQtMC0wLTB8MC0wLTAtMHwwLTAtMC0wfDAtMA==,https://github.com/yasyf/cslo-img/raw/master/MC0wLTAtMHwwLTAtMC0wLTAtMHwwLTB8MC0wLTAtMHwwLTAtMC0wfDQtMC0wLTB8MC0wLTAtMHwwLTAtMC0wfDAtMA==.png,h2,color,purple
MC0wLTAtMHwwLTAtMC0wLTAtMHwwLTB8MC0wLTAtMHwwLTAtMC0wfDAtMC0wLTB8NC0wLTAtMHwwLTAtMC0wfDAtMA==,https://github.com/yasyf/cslo-img/raw/master/MC0wLTAtMHwwLTAtMC0wLTAtMHwwLTB8MC0wLTAtMHwwLTAtMC0wfDAtMC0wLTB8NC0wLTAtMHwwLTAtMC0wfDAtMA==.png,h3,color,purple
MC0wLTAtMHwwLTAtMC0wLTAtMHwwLTB8MC0wLTAtMHwwLTAtMC0wfDAtMC0wLTB8MC0wLTAtMHw0LTAtMC0wfDAtMA==,https://github.com/yasyf/cslo-img/raw/master/MC0wLTAtMHwwLTAtMC0wLTAtMHwwLTB8MC0wLTAtMHwwLTAtMC0wfDAtMC0wLTB8MC0wLTAtMHw0LTAtMC0wfDAtMA==.png,tr,color,purple
MC0wLTAtMHwwLTAtMC0wLTAtMHwwLTB8MC0wLTAtMHwwLTAtMC0wfDAtMC0wLTB8MC0wLTAtMHwwLTAtMC0wfDQtMA==,https://github.com/yasyf/cslo-img/raw/master/MC0wLTAtMHwwLTAtMC0wLTAtMHwwLTB8MC0wLTAtMHwwLTAtMC0wfDAtMC0wLTB8MC0wLTAtMHwwLTAtMC0wfDQtMA==.png,button,color,purple
MC0xLTAtMHwwLTAtMC0wLTAtMHwwLTB8MC0wLTAtMHwwLTAtMC0wfDAtMC0wLTB8MC0wLTAtMHwwLTAtMC0wfDAtMA==,https://github.com/yasyf/cslo-img/raw/master/MC0xLTAtMHwwLTAtMC0wLTAtMHwwLTB8MC0wLTAtMHwwLTAtMC0wfDAtMC0wLTB8MC0wLTAtMHwwLTAtMC0wfDAtMA==.png,a,float,left
MC0wLTAtMHwwLTEtMC0wLTAtMHwwLTB8MC0wLTAtMHwwLTAtMC0wfDAtMC0wLTB8MC0wLTAtMHwwLTAtMC0wfDAtMA==,https://github.com/yasyf/cslo-img/raw/master/MC0wLTAtMHwwLTEtMC0wLTAtMHwwLTB8MC0wLTAtMHwwLTAtMC0wfDAtMC0wLTB8MC0wLTAtMHwwLTAtMC0wfDAtMA==.png,p,float,left
MC0wLTAtMHwwLTAtMC0wLTAtMHwxLTB8MC0wLTAtMHwwLTAtMC0wfDAtMC0wLTB8MC0wLTAtMHwwLTAtMC0wfDAtMA==,https://github.com/yasyf/cslo-img/raw/master/MC0wLTAtMHwwLTAtMC0wLTAtMHwxLTB8MC0wLTAtMHwwLTAtMC0wfDAtMC0wLTB8MC0wLTAtMHwwLTAtMC0wfDAtMA==.png,img,float,left
MC0wLTAtMHwwLTAtMC0wLTAtMHwwLTB8MC0xLTAtMHwwLTAtMC0wfDAtMC0wLTB8MC0wLTAtMHwwLTAtMC0wfDAtMA==,https://github.com/yasyf/cslo-img/raw/master/MC0wLTAtMHwwLTAtMC0wLTAtMHwwLTB8MC0xLTAtMHwwLTAtMC0wfDAtMC0wLTB8MC0wLTAtMHwwLTAtMC0wfDAtMA==.png,li,float,left
MC0wLTAtMHwwLTAtMC0wLTAtMHwwLTB8MC0wLTAtMHwwLTEtMC0wfDAtMC0wLTB8MC0wLTAtMHwwLTAtMC0wfDAtMA==,https://github.com/yasyf/cslo-img/raw/master/MC0wLTAtMHwwLTAtMC0wLTAtMHwwLTB8MC0wLTAtMHwwLTEtMC0wfDAtMC0wLTB8MC0wLTAtMHwwLTAtMC0wfDAtMA==.png,h1,float,left
MC0wLTAtMHwwLTAtMC0wLTAtMHwwLTB8MC0wLTAtMHwwLTAtMC0wfDAtMS0wLTB8MC0wLTAtMHwwLTAtMC0wfDAtMA==,https://github.com/yasyf/cslo-img/raw/master/MC0wLTAtMHwwLTAtMC0wLTAtMHwwLTB8MC0wLTAtMHwwLTAtMC0wfDAtMS0wLTB8MC0wLTAtMHwwLTAtMC0wfDAtMA==.png,h2,float,left
MC0wLTAtMHwwLTAtMC0wLTAtMHwwLTB8MC0wLTAtMHwwLTAtMC0wfDAtMC0wLTB8MC0xLTAtMHwwLTAtMC0wfDAtMA==,https://github.com/yasyf/cslo-img/raw/master/MC0wLTAtMHwwLTAtMC0wLTAtMHwwLTB8MC0wLTAtMHwwLTAtMC0wfDAtMC0wLTB8MC0xLTAtMHwwLTAtMC0wfDAtMA==.png,h3,float,left
MC0wLTAtMHwwLTAtMC0wLTAtMHwwLTB8MC0wLTAtMHwwLTAtMC0wfDAtMC0wLTB8MC0wLTAtMHwwLTEtMC0wfDAtMA==,https://github.com/yasyf/cslo-img/raw/master/MC0wLTAtMHwwLTAtMC0wLTAtMHwwLTB8MC0wLTAtMHwwLTAtMC0wfDAtMC0wLTB8MC0wLTAtMHwwLTEtMC0wfDAtMA==.png,tr,float,left
MC0wLTAtMHwwLTAtMC0wLTAtMHwwLTB8MC0wLTAtMHwwLTAtMC0wfDAtMC0wLTB8MC0wLTAtMHwwLTAtMC0wfDAtMQ==,https://github.com/yasyf/cslo-img/raw/master/MC0wLTAtMHwwLTAtMC0wLTAtMHwwLTB8MC0wLTAtMHwwLTAtMC0wfDAtMC0wLTB8MC0wLTAtMHwwLTAtMC0wfDAtMQ==.png,button,float,left
MC0yLTAtMHwwLTAtMC0wLTAtMHwwLTB8MC0wLTAtMHwwLTAtMC0wfDAtMC0wLTB8MC0wLTAtMHwwLTAtMC0wfDAtMA==,https://github.com/yasyf/cslo-img/raw/master/MC0yLTAtMHwwLTAtMC0wLTAtMHwwLTB8MC0wLTAtMHwwLTAtMC0wfDAtMC0wLTB8MC0wLTAtMHwwLTAtMC0wfDAtMA==.png,a,float,right
MC0wLTAtMHwwLTItMC0wLTAtMHwwLTB8MC0wLTAtMHwwLTAtMC0wfDAtMC0wLTB8MC0wLTAtMHwwLTAtMC0wfDAtMA==,https://github.com/yasyf/cslo-img/raw/master/MC0wLTAtMHwwLTItMC0wLTAtMHwwLTB8MC0wLTAtMHwwLTAtMC0wfDAtMC0wLTB8MC0wLTAtMHwwLTAtMC0wfDAtMA==.png,p,float,right
MC0wLTAtMHwwLTAtMC0wLTAtMHwyLTB8MC0wLTAtMHwwLTAtMC0wfDAtMC0wLTB8MC0wLTAtMHwwLTAtMC0wfDAtMA==,https://github.com/yasyf/cslo-img/raw/master/MC0wLTAtMHwwLTAtMC0wLTAtMHwyLTB8MC0wLTAtMHwwLTAtMC0wfDAtMC0wLTB8MC0wLTAtMHwwLTAtMC0wfDAtMA==.png,img,float,right
MC0wLTAtMHwwLTAtMC0wLTAtMHwwLTB8MC0yLTAtMHwwLTAtMC0wfDAtMC0wLTB8MC0wLTAtMHwwLTAtMC0wfDAtMA==,https://github.com/yasyf/cslo-img/raw/master/MC0wLTAtMHwwLTAtMC0wLTAtMHwwLTB8MC0yLTAtMHwwLTAtMC0wfDAtMC0wLTB8MC0wLTAtMHwwLTAtMC0wfDAtMA==.png,li,float,right
MC0wLTAtMHwwLTAtMC0wLTAtMHwwLTB8MC0wLTAtMHwwLTItMC0wfDAtMC0wLTB8MC0wLTAtMHwwLTAtMC0wfDAtMA==,https://github.com/yasyf/cslo-img/raw/master/MC0wLTAtMHwwLTAtMC0wLTAtMHwwLTB8MC0wLTAtMHwwLTItMC0wfDAtMC0wLTB8MC0wLTAtMHwwLTAtMC0wfDAtMA==.png,h1,float,right
MC0wLTAtMHwwLTAtMC0wLTAtMHwwLTB8MC0wLTAtMHwwLTAtMC0wfDAtMi0wLTB8MC0wLTAtMHwwLTAtMC0wfDAtMA==,https://github.com/yasyf/cslo-img/raw/master/MC0wLTAtMHwwLTAtMC0wLTAtMHwwLTB8MC0wLTAtMHwwLTAtMC0wfDAtMi0wLTB8MC0wLTAtMHwwLTAtMC0wfDAtMA==.png,h2,float,right
MC0wLTAtMHwwLTAtMC0wLTAtMHwwLTB8MC0wLTAtMHwwLTAtMC0wfDAtMC0wLTB8MC0yLTAtMHwwLTAtMC0wfDAtMA==,https://github.com/yasyf/cslo-img/raw/master/MC0wLTAtMHwwLTAtMC0wLTAtMHwwLTB8MC0wLTAtMHwwLTAtMC0wfDAtMC0wLTB8MC0yLTAtMHwwLTAtMC0wfDAtMA==.png,h3,float,right
MC0wLTAtMHwwLTAtMC0wLTAtMHwwLTB8MC0wLTAtMHwwLTAtMC0wfDAtMC0wLTB8MC0wLTAtMHwwLTItMC0wfDAtMA==,https://github.com/yasyf/cslo-img/raw/master/MC0wLTAtMHwwLTAtMC0wLTAtMHwwLTB8MC0wLTAtMHwwLTAtMC0wfDAtMC0wLTB8MC0wLTAtMHwwLTItMC0wfDAtMA==.png,tr,float,right
MC0wLTAtMHwwLTAtMC0wLTAtMHwwLTB8MC0wLTAtMHwwLTAtMC0wfDAtMC0wLTB8MC0wLTAtMHwwLTAtMC0wfDAtMg==,https://github.com/yasyf/cslo-img/raw/master/MC0wLTAtMHwwLTAtMC0wLTAtMHwwLTB8MC0wLTAtMHwwLTAtMC0wfDAtMC0wLTB8MC0wLTAtMHwwLTAtMC0wfDAtMg==.png,button,float,right
MC0wLTAtMHwwLTAtMC0wLTEtMHwwLTB8MC0wLTAtMHwwLTAtMC0wfDAtMC0wLTB8MC0wLTAtMHwwLTAtMC0wfDAtMA==,https://github.com/yasyf/cslo-img/raw/master/MC0wLTAtMHwwLTAtMC0wLTEtMHwwLTB8MC0wLTAtMHwwLTAtMC0wfDAtMC0wLTB8MC0wLTAtMHwwLTAtMC0wfDAtMA==.png,p,border,5px solid red
MC0wLTAtMHwwLTAtMC0wLTItMHwwLTB8MC0wLTAtMHwwLTAtMC0wfDAtMC0wLTB8MC0wLTAtMHwwLTAtMC0wfDAtMA==,https://github.com/yasyf/cslo-img/raw/master/MC0wLTAtMHwwLTAtMC0wLTItMHwwLTB8MC0wLTAtMHwwLTAtMC0wfDAtMC0wLTB8MC0wLTAtMHwwLTAtMC0wfDAtMA==.png,p,border,1px outset black
MC0wLTAtMHwwLTAtMC0wLTMtMHwwLTB8MC0wLTAtMHwwLTAtMC0wfDAtMC0wLTB8MC0wLTAtMHwwLTAtMC0wfDAtMA==,https://github.com/yasyf/cslo-img/raw/master/MC0wLTAtMHwwLTAtMC0wLTMtMHwwLTB8MC0wLTAtMHwwLTAtMC0wfDAtMC0wLTB8MC0wLTAtMHwwLTAtMC0wfDAtMA==.png,p,border,10px dotted blue
MC0wLTAtMHwwLTAtMC0wLTQtMHwwLTB8MC0wLTAtMHwwLTAtMC0wfDAtMC0wLTB8MC0wLTAtMHwwLTAtMC0wfDAtMA==,https://github.com/yasyf/cslo-img/raw/master/MC0wLTAtMHwwLTAtMC0wLTQtMHwwLTB8MC0wLTAtMHwwLTAtMC0wfDAtMC0wLTB8MC0wLTAtMHwwLTAtMC0wfDAtMA==.png,p,border,5px dashed blue
MC0wLTAtMHwwLTAtMC0wLTAtMXwwLTB8MC0wLTAtMHwwLTAtMC0wfDAtMC0wLTB8MC0wLTAtMHwwLTAtMC0wfDAtMA==,https://github.com/yasyf/cslo-img/raw/master/MC0wLTAtMHwwLTAtMC0wLTAtMXwwLTB8MC0wLTAtMHwwLTAtMC0wfDAtMC0wLTB8MC0wLTAtMHwwLTAtMC0wfDAtMA==.png,p,background-color,blue
MC0wLTAtMHwwLTAtMC0wLTAtMnwwLTB8MC0wLTAtMHwwLTAtMC0wfDAtMC0wLTB8MC0wLTAtMHwwLTAtMC0wfDAtMA==,https://github.com/yasyf/cslo-img/raw/master/MC0wLTAtMHwwLTAtMC0wLTAtMnwwLTB8MC0wLTAtMHwwLTAtMC0wfDAtMC0wLTB8MC0wLTAtMHwwLTAtMC0wfDAtMA==.png,p,background-color,black
MC0wLTAtMHwwLTAtMC0wLTAtM3wwLTB8MC0wLTAtMHwwLTAtMC0wfDAtMC0wLTB8MC0wLTAtMHwwLTAtMC0wfDAtMA==,https://github.com/yasyf/cslo-img/raw/master/MC0wLTAtMHwwLTAtMC0wLTAtM3wwLTB8MC0wLTAtMHwwLTAtMC0wfDAtMC0wLTB8MC0wLTAtMHwwLTAtMC0wfDAtMA==.png,p,background-color,green
MC0wLTAtMHwwLTAtMC0wLTAtNHwwLTB8MC0wLTAtMHwwLTAtMC0wfDAtMC0wLTB8MC0wLTAtMHwwLTAtMC0wfDAtMA==,https://github.com/yasyf/cslo-img/raw/master/MC0wLTAtMHwwLTAtMC0wLTAtNHwwLTB8MC0wLTAtMHwwLTAtMC0wfDAtMC0wLTB8MC0wLTAtMHwwLTAtMC0wfDAtMA==.png,p,background-color,red
MC0wLTAtMXwwLTAtMC0wLTAtMHwwLTB8MC0wLTAtMHwwLTAtMC0wfDAtMC0wLTB8MC0wLTAtMHwwLTAtMC0wfDAtMA==,https://github.com/yasyf/cslo-img/raw/master/MC0wLTAtMXwwLTAtMC0wLTAtMHwwLTB8MC0wLTAtMHwwLTAtMC0wfDAtMC0wLTB8MC0wLTAtMHwwLTAtMC0wfDAtMA==.png,a,text-align,right
MC0wLTAtMHwwLTAtMC0xLTAtMHwwLTB8MC0wLTAtMHwwLTAtMC0wfDAtMC0wLTB8MC0wLTAtMHwwLTAtMC0wfDAtMA==,https://github.com/yasyf/cslo-img/raw/master/MC0wLTAtMHwwLTAtMC0xLTAtMHwwLTB8MC0wLTAtMHwwLTAtMC0wfDAtMC0wLTB8MC0wLTAtMHwwLTAtMC0wfDAtMA==.png,p,text-align,right
MC0wLTAtMHwwLTAtMC0wLTAtMHwwLTB8MC0wLTAtMXwwLTAtMC0wfDAtMC0wLTB8MC0wLTAtMHwwLTAtMC0wfDAtMA==,https://github.com/yasyf/cslo-img/raw/master/MC0wLTAtMHwwLTAtMC0wLTAtMHwwLTB8MC0wLTAtMXwwLTAtMC0wfDAtMC0wLTB8MC0wLTAtMHwwLTAtMC0wfDAtMA==.png,li,text-align,right
MC0wLTAtMHwwLTAtMC0wLTAtMHwwLTB8MC0wLTAtMHwwLTAtMC0xfDAtMC0wLTB8MC0wLTAtMHwwLTAtMC0wfDAtMA==,https://github.com/yasyf/cslo-img/raw/master/MC0wLTAtMHwwLTAtMC0wLTAtMHwwLTB8MC0wLTAtMHwwLTAtMC0xfDAtMC0wLTB8MC0wLTAtMHwwLTAtMC0wfDAtMA==.png,h1,text-align,right
MC0wLTAtMHwwLTAtMC0wLTAtMHwwLTB8MC0wLTAtMHwwLTAtMC0wfDAtMC0wLTF8MC0wLTAtMHwwLTAtMC0wfDAtMA==,https://github.com/yasyf/cslo-img/raw/master/MC0wLTAtMHwwLTAtMC0wLTAtMHwwLTB8MC0wLTAtMHwwLTAtMC0wfDAtMC0wLTF8MC0wLTAtMHwwLTAtMC0wfDAtMA==.png,h2,text-align,right
MC0wLTAtMHwwLTAtMC0wLTAtMHwwLTB8MC0wLTAtMHwwLTAtMC0wfDAtMC0wLTB8MC0wLTAtMXwwLTAtMC0wfDAtMA==,https://github.com/yasyf/cslo-img/raw/master/MC0wLTAtMHwwLTAtMC0wLTAtMHwwLTB8MC0wLTAtMHwwLTAtMC0wfDAtMC0wLTB8MC0wLTAtMXwwLTAtMC0wfDAtMA==.png,h3,text-align,right
MC0wLTAtMHwwLTAtMC0wLTAtMHwwLTB8MC0wLTAtMHwwLTAtMC0wfDAtMC0wLTB8MC0wLTAtMHwwLTAtMC0xfDAtMA==,https://github.com/yasyf/cslo-img/raw/master/MC0wLTAtMHwwLTAtMC0wLTAtMHwwLTB8MC0wLTAtMHwwLTAtMC0wfDAtMC0wLTB8MC0wLTAtMHwwLTAtMC0xfDAtMA==.png,tr,text-align,right
MC0wLTAtMnwwLTAtMC0wLTAtMHwwLTB8MC0wLTAtMHwwLTAtMC0wfDAtMC0wLTB8MC0wLTAtMHwwLTAtMC0wfDAtMA==,https://github.com/yasyf/cslo-img/raw/master/MC0wLTAtMnwwLTAtMC0wLTAtMHwwLTB8MC0wLTAtMHwwLTAtMC0wfDAtMC0wLTB8MC0wLTAtMHwwLTAtMC0wfDAtMA==.png,a,text-align,center
MC0wLTAtMHwwLTAtMC0yLTAtMHwwLTB8MC0wLTAtMHwwLTAtMC0wfDAtMC0wLTB8MC0wLTAtMHwwLTAtMC0wfDAtMA==,https://github.com/yasyf/cslo-img/raw/master/MC0wLTAtMHwwLTAtMC0yLTAtMHwwLTB8MC0wLTAtMHwwLTAtMC0wfDAtMC0wLTB8MC0wLTAtMHwwLTAtMC0wfDAtMA==.png,p,text-align,center
MC0wLTAtMHwwLTAtMC0wLTAtMHwwLTB8MC0wLTAtMnwwLTAtMC0wfDAtMC0wLTB8MC0wLTAtMHwwLTAtMC0wfDAtMA==,https://github.com/yasyf/cslo-img/raw/master/MC0wLTAtMHwwLTAtMC0wLTAtMHwwLTB8MC0wLTAtMnwwLTAtMC0wfDAtMC0wLTB8MC0wLTAtMHwwLTAtMC0wfDAtMA==.png,li,text-align,center
MC0wLTAtMHwwLTAtMC0wLTAtMHwwLTB8MC0wLTAtMHwwLTAtMC0yfDAtMC0wLTB8MC0wLTAtMHwwLTAtMC0wfDAtMA==,https://github.com/yasyf/cslo-img/raw/master/MC0wLTAtMHwwLTAtMC0wLTAtMHwwLTB8MC0wLTAtMHwwLTAtMC0yfDAtMC0wLTB8MC0wLTAtMHwwLTAtMC0wfDAtMA==.png,h1,text-align,center
MC0wLTAtMHwwLTAtMC0wLTAtMHwwLTB8MC0wLTAtMHwwLTAtMC0wfDAtMC0wLTJ8MC0wLTAtMHwwLTAtMC0wfDAtMA==,https://github.com/yasyf/cslo-img/raw/master/MC0wLTAtMHwwLTAtMC0wLTAtMHwwLTB8MC0wLTAtMHwwLTAtMC0wfDAtMC0wLTJ8MC0wLTAtMHwwLTAtMC0wfDAtMA==.png,h2,text-align,center
MC0wLTAtMHwwLTAtMC0wLTAtMHwwLTB8MC0wLTAtMHwwLTAtMC0wfDAtMC0wLTB8MC0wLTAtMnwwLTAtMC0wfDAtMA==,https://github.com/yasyf/cslo-img/raw/master/MC0wLTAtMHwwLTAtMC0wLTAtMHwwLTB8MC0wLTAtMHwwLTAtMC0wfDAtMC0wLTB8MC0wLTAtMnwwLTAtMC0wfDAtMA==.png,h3,text-align,center
MC0wLTAtMHwwLTAtMC0wLTAtMHwwLTB8MC0wLTAtMHwwLTAtMC0wfDAtMC0wLTB8MC0wLTAtMHwwLTAtMC0yfDAtMA==,https://github.com/yasyf/cslo-img/raw/master/MC0wLTAtMHwwLTAtMC0wLTAtMHwwLTB8MC0wLTAtMHwwLTAtMC0wfDAtMC0wLTB8MC0wLTAtMHwwLTAtMC0yfDAtMA==.png,tr,text-align,center
